song,artist
Kryptonite,3 Doors Down
Loser,3 Doors Down
When I'm Gone,3 Doors Down
What's Up?,4 Non Blondes
Take On Me,a-ha
"Baby, Please Don't Go",AC/DC
Back In Black,AC/DC
Big Gun,AC/DC
CAN'T STOP ROCK'N'ROLL,AC/DC
Dirty Deeds Done Dirt Cheap,AC/DC
For Those About To Rock,AC/DC
Girls Got Rhythm,AC/DC
Hard As A Rock,AC/DC
Have a Drink On Me,AC/DC
Hells Bells,AC/DC
Highway To Hell,AC/DC
It's A Long Way To The Top,AC/DC
Jailbreak,AC/DC
Let There Be Rock,AC/DC
Let's Get It Up,AC/DC
Live Wire,AC/DC
Moneytalks,AC/DC
Night Prowler,AC/DC
Rock and Roll Ain't Noise Pollution,AC/DC
Shoot To Thrill,AC/DC
Shot Down In Flames,AC/DC
Sin City,AC/DC
T.N.T.,AC/DC
Thunderstruck,AC/DC
Touch Too Much,AC/DC
What Do You Do For Money Honey,AC/DC
Who Made Who,AC/DC
Whole Lotta Rosie,AC/DC
You Shook Me All Night Long,AC/DC
Angel,Aerosmith
"Baby, Please Don't Go",Aerosmith
Back in the Saddle,Aerosmith
Big Ten Inch,Aerosmith
Come Together,Aerosmith
Crazy,Aerosmith
Cryin',Aerosmith
Draw The Line,Aerosmith
Dream On,Aerosmith
Dude (Looks Like a Lady),Aerosmith
Jaded,Aerosmith
Janie's Got A Gun,Aerosmith
Kings and Queens,Aerosmith
Last Child,Aerosmith
Let the Music Do the Talking,Aerosmith
Livin' On The Edge,Aerosmith
Love In An Elevator,Aerosmith
Mama Kin,Aerosmith
No More No More,Aerosmith
One Way Street,Aerosmith
Pink,Aerosmith
Rag Doll,Aerosmith
Same Old Song and Dance,Aerosmith
Seasons of Wither,Aerosmith
Sweet Emotion,Aerosmith
The Other Side,Aerosmith
Toys in the Attic,Aerosmith
Train Kept A-Rollin',Aerosmith
Walk This Way,Aerosmith
What It Takes,Aerosmith
You See Me Crying,Aerosmith
Hand In My Pocket,Alanis Morissette
You Oughta Know,Alanis Morissette
Black Velvet,Alannah Myles
BE MY LOVER,Alice Cooper
Billion Dollar Babies,Alice Cooper
Eighteen,Alice Cooper
Elected,Alice Cooper
House Of Fire,Alice Cooper
I'm Eighteen,Alice Cooper
No More Mr. Nice Guy,Alice Cooper
School's Out,Alice Cooper
Under My Wheels,Alice Cooper
Welcome To My Nightmare,Alice Cooper
Down in a Hole,Alice In Chains
Man In The Box,Alice In Chains
No Excuses,Alice In Chains
Rooster,Alice In Chains
Them Bones,Alice In Chains
Would?,Alice In Chains
Like a Stone,Audioslave
Bad Company,Bad Company
Burnin' Sky,Bad Company
Can't Get Enough,Bad Company
Feel Like Makin' Love,Bad Company
Gone Gone Gone,Bad Company
Good Lovin' Gone Bad,Bad Company
Movin' On,Bad Company
Ready For Love,Bad Company
Rock 'n' Roll Fantasy,Bad Company
Rock Steady,Bad Company
Run With The Pack,Bad Company
Seagull,Bad Company
Shooting Star,Bad Company
"Silver, Blue And Gold",Bad Company
(You Gotta) Fight for Your Right (To Party),Beastie Boys
No Sleep Till Brooklyn,Beastie Boys
Loser,Beck
In a Big Country,Big Country
Cradle of Love,Billy Idol
Dancing With Myself,Billy Idol
Eyes Without a Face,Billy Idol
Mony Mony,Billy Idol
Rebel Yell,Billy Idol
White Wedding,Billy Idol
Allentown,Billy Joel
Big Shot,Billy Joel
Captain Jack,Billy Joel
Don't Ask Me Why,Billy Joel
Goodnight Saigon,Billy Joel
It's Still Rock And Roll To Me,Billy Joel
Movin' Out (Anthony's Song),Billy Joel
My Life,Billy Joel
New York State Of Mind,Billy Joel
Only The Good Die Young,Billy Joel
Piano Man,Billy Joel
Scenes From An Italian Restaurant,Billy Joel
SHE'S ALWAYS A WOMAN,Billy Joel
Sometimes A Fantasy,Billy Joel
The Ballad Of Billy The Kid,Billy Joel
The Stranger,Billy Joel
You May Be Right,Billy Joel
Fairies Wear Boots,Black Sabbath
Heaven and Hell,Black Sabbath
Iron Man,Black Sabbath
N.i.b.,Black Sabbath
Neon Knights,Black Sabbath
Paranoid,Black Sabbath
Sweet Leaf,Black Sabbath
The Wizard,Black Sabbath
War Pigs,Black Sabbath
No Rain,Blind Melon
Presence of the Lord,Blind Melon
All the Small Things,Blink-182
Call Me,Blondie
Heart of Glass,Blondie
One Way Or Another,Blondie
(Don't Fear) The Reaper,Blue Oyster Cult
Bucks Boogie,Blue Oyster Cult
Burnin' for You,Blue Oyster Cult
Godzilla,Blue Oyster Cult
I Love the Night,Blue Oyster Cult
Summertime Blues,Blue Oyster Cult
Song 2,Blur
Just Like A Woman,Bob Dylan
Knockin' On Heaven's Door,Bob Dylan
Like a Rolling Stone,Bob Dylan
Positively 4th Street,Bob Dylan
Subterranean Homesick Blues,Bob Dylan
Tangled Up In Blue,Bob Dylan
Exodus,Bob Marley
Jamming,Bob Marley
"No Woman, No Cry",Bob Marley
One Love,Bob Marley
Stir It Up,Bob Marley
Three Little Birds,Bob Marley
Bad Medicine,Bon Jovi
Blaze of Glory,Bon Jovi
Born To Be My Baby,Bon Jovi
Lay Your Hands On Me,Bon Jovi
Livin' On A Prayer,Bon Jovi
Raise Your Hands,Bon Jovi
Runaway,Bon Jovi
She Don't Know Me,Bon Jovi
Wanted Dead or Alive,Bon Jovi
You Give Love A Bad Name,Bon Jovi
A Man I'll Never Be,Boston
Amanda,Boston
Cool The Engines,Boston
Don't Look Back,Boston
Feelin' Satisfied,Boston
Foreplay (Long Time),Boston
Hitch A Ride,Boston
Let Me Take You Home Tonight,Boston
More Than a Feeling,Boston
Party,Boston
Peace of Mind,Boston
Rock & Roll Band,Boston
Smokin',Boston
Something About You,Boston
The Journey / It's Easy,Boston
Used To Bad News,Boston
We're Ready,Boston
Atlantic City,Bruce Springsteen
Backstreets,Bruce Springsteen
Badlands,Bruce Springsteen
Blinded By the Light,Bruce Springsteen
Born In the U.S.A.,Bruce Springsteen
Born To Run,Bruce Springsteen
Cover Me,Bruce Springsteen
Dancing In the Dark,Bruce Springsteen
Glory Days,Bruce Springsteen
Growin' Up,Bruce Springsteen
Hungry Heart,Bruce Springsteen
I'm On Fire,Bruce Springsteen
It's Hard to Be a Saint in the City,Bruce Springsteen
Jersey Girl,Bruce Springsteen
Jungleland,Bruce Springsteen
Pink Cadillac,Bruce Springsteen
Prove It All Night,Bruce Springsteen
Racing in the Streets,Bruce Springsteen
Rosalita (Come Out Tonight),Bruce Springsteen
She's The One,Bruce Springsteen
Spirit In The Night,Bruce Springsteen
Tenth Avenue Freeze-Out,Bruce Springsteen
Thunder Road,Bruce Springsteen
Cuts Like a Knife,Bryan Adams
Heaven,Bryan Adams
Run to You,Bryan Adams
Somebody,Bryan Adams
Summer Of '69,Bryan Adams
Comedown,Bush
Machinehead,Bush
Far Behind,Candlebox
Goin' up the Country,Canned Heat
On the Road Again,Canned Heat
IT'S TOO LATE,Carole King
Oh Very Young,Cat Stevens
WILD WORLD,Cat Stevens
Ain't That a Shame,Cheap Trick
Dream Police,Cheap Trick
I Want You to Want Me,Cheap Trick
She's Tight,Cheap Trick
Surrender,Cheap Trick
Take Out The Gunman,Chevelle
25 Or 6 To 4,Chicago
Beginnings,Chicago
Feeling Stronger Every,Chicago
I'm a Man,Chicago
JUST YOU AND ME,Chicago
Make Me Smile,Chicago
Questions 67 and 68,Chicago
Saturday In the Park,Chicago
South California Purples,Chicago
JOHNNY B. GOODE,Chuck Berry
Coming Home,Cinderella
Don't Know What You Got,Cinderella
Gypsy Road,Cinderella
Nobody's Fool,Cinderella
Somebody Save Me,Cinderella
December,Collective Soul
Shine,Collective Soul
The World I Know,Collective Soul
Mr. Jones,Counting Crows
Badge,Cream
Born Under A Bad Sign,Cream
Crossroads,Cream
I'm So Glad,Cream
Sunshine of Your Love,Cream
Tales Of Brave Ulysses,Cream
White Room,Cream
Higher,Creed
My Sacrifice,Creed
With Arms Wide Open,Creed
Bad Moon Rising,Creedence Clearwater Revival
Born On the Bayou,Creedence Clearwater Revival
Commotion,Creedence Clearwater Revival
Down On the Corner,Creedence Clearwater Revival
Fortunate Son,Creedence Clearwater Revival
Green River,Creedence Clearwater Revival
Have You Ever Seen the Rain?,Creedence Clearwater Revival
I Heard It Through the Grapevine,Creedence Clearwater Revival
Lodi,Creedence Clearwater Revival
Lookin' Out My Back Door,Creedence Clearwater Revival
Proud Mary,Creedence Clearwater Revival
Run Through the Jungle,Creedence Clearwater Revival
Suzie Q,Creedence Clearwater Revival
Sweet Hitch Hiker,Creedence Clearwater Revival
The Midnight Special,Creedence Clearwater Revival
Travelin' Band,Creedence Clearwater Revival
Up Around the Bend,Creedence Clearwater Revival
Who'll Stop the Rain,Creedence Clearwater Revival
Changes,David Bowie
China Girl,David Bowie
Diamond Dogs,David Bowie
Fame,David Bowie
Fashion,David Bowie
Friday on My Mind,David Bowie
Golden Years,David Bowie
Heroes,David Bowie
Jean Genie,David Bowie
Let's Dance,David Bowie
Modern Love,David Bowie
Panic in Detroit,David Bowie
Rebel Rebel,David Bowie
Space Oddity,David Bowie
Starman,David Bowie
Stay,David Bowie
Suffragette City,David Bowie
Young Americans,David Bowie
Ziggy Stardust,David Bowie
There's No Way Out Of Here,David Gilmour
California Girls,David Lee Roth
Just A Gigolo / I Ain't Got Nobody,David Lee Roth
Yankee Rose,David Lee Roth
Burn,Deep Purple
Child In Time,Deep Purple
Highway Star,Deep Purple
Hush,Deep Purple
Kentucky Woman,Deep Purple
Knocking At Your Backdoo,Deep Purple
Lazy,Deep Purple
Perfect Strangers,Deep Purple
Smoke On The Water,Deep Purple
Space Truckin',Deep Purple
Woman From Tokyo,Deep Purple
Animal,Def Leppard
Armageddon It,Def Leppard
Bringin' On The Heartbreak,Def Leppard
Foolin',Def Leppard
Hysteria,Def Leppard
Love Bites,Def Leppard
On Through The Night,Def Leppard
Photograph,Def Leppard
Pour Some Sugar On Me,Def Leppard
Rock of Ages,Def Leppard
Rock Rock,Def Leppard
Rocket,Def Leppard
Too Late for Love,Def Leppard
Enjoy the Silence,Depeche Mode
Holy Diver,Dio
Rainbow In the Dark,Dio
The Last In Line,Dio
Brothers In Arms,Dire Straits
Down To The Waterline,Dire Straits
Expresso Love,Dire Straits
Industrial Disease,Dire Straits
Lady Writer,Dire Straits
Money for Nothing,Dire Straits
Romeo And Juliet,Dire Straits
So Far Away,Dire Straits
Solid Rock,Dire Straits
Sultans of Swing,Dire Straits
Walk of Life,Dire Straits
Counting Blue Cars,Dishwalla
"Hey, Hey (What Can I Do?)",Led Zeppelin
Rio,Duran Duran
Already Gone,Eagles
Desperado,Eagles
Heartache Tonight,Eagles
Hotel California,Eagles
I Can't Tell You Why,Eagles
In The City,Eagles
Life in the Fast Lane,Eagles
Lyin' Eyes,Eagles
New Kid In Town,Eagles
One of These Nights,Eagles
Peaceful Easy Feeling,Eagles
Seven Bridges Road,Eagles
Take It Easy,Eagles
Take It to the Limit,Eagles
Tequila Sunrise,Eagles
The Best of My Love,Eagles
The Long Run,Eagles
Those Shoes,Eagles
Victim of Love,Eagles
Witchy Woman,Eagles
CAN'T GET IT OUT OF MY HEAD,Electric Light Orchestra
Do Ya,Electric Light Orchestra
Don't Bring Me Down,Electric Light Orchestra
Evil Woman,Electric Light Orchestra
Fire On High,Electric Light Orchestra
Livin' Thing,Electric Light Orchestra
Roll Over Beethoven,Electric Light Orchestra
Strange Magic,Electric Light Orchestra
Sweet Talkin' Woman,Electric Light Orchestra
Telephone Line,Electric Light Orchestra
Turn To Stone,Electric Light Orchestra
All The Girls Love Alice,Elton John
Bennie And The Jets,Elton John
Candle in the Wind,Elton John
Captain Fantastic,Elton John
Crocodile Rock,Elton John
DANIEL,Elton John
Don't Let The Sun Go Down On Me,Elton John
Funeral for a Friend (Love Lies Bleeding),Elton John
Goodbye Yellow Brick Road,Elton John
Harmony,Elton John
Honky Cat,Elton John
Levon,Elton John
Madman Across The Water,Elton John
Rocket Man,Elton John
Saturday Night's Alright for Fighting,Elton John
Someone Saved My Life Tonight,Elton John
Take Me to the Pilot,Elton John
Teacher I Need You,Elton John
THE BITCH IS BACK,Elton John
Tiny Dancer,Elton John
Where To Now St. Peter,Elton John
Your Song,Elton John
Alison,Elvis Costello
Pump It Up,Elvis Costello
Veronica,Elvis Costello
From the Beginning,"Emerson, Lake & Palmer"
Hoedown,"Emerson, Lake & Palmer"
Karn Evil 9,"Emerson, Lake & Palmer"
Lucky Man,"Emerson, Lake & Palmer"
Still You Turn Me On,"Emerson, Lake & Palmer"
After Midnight,Eric Clapton
Bad Love,Eric Clapton
Call Me the Breeze,Eric Clapton
Cocaine,Eric Clapton
"Don't Think Twice, It's Alright",Eric Clapton
Forever Man,Eric Clapton
I Can't Stand It,Eric Clapton
I Shot The Sheriff,Eric Clapton
I've Got a Rock 'N' Roll Heart,Eric Clapton
It's In The Way That You Use It,Eric Clapton
Knockin' On Heaven's Door,Eric Clapton
Lay Down Sally,Eric Clapton
Layla,Eric Clapton
Let It Grow,Eric Clapton
Let It Rain,Eric Clapton
Pretending,Eric Clapton
She's Waiting,Eric Clapton
Tears In Heaven,Eric Clapton
The Core,Eric Clapton
Willie and the Hand Jive,Eric Clapton
Wonderful Tonight,Eric Clapton
The Final Countdown,Europe
Sweet Dreams (Are Made of This),Eurythmics
Santa Monica,Everclear
The Boys Are Back In Town,Everclear
What It's Like,Everlast
More Than Words,Extreme
Mutha (Don't Wanna Go To School Today),Extreme
Epic,Faith No More
All The Kings Horses,Firm
Blue Letter,Fleetwood Mac
Don't Stop,Fleetwood Mac
Dreams,Fleetwood Mac
Go Your Own Way,Fleetwood Mac
Gold Dust Woman,Fleetwood Mac
Gypsy,Fleetwood Mac
Hold Me,Fleetwood Mac
Hypnotized,Fleetwood Mac
I Don't Want To Know,Fleetwood Mac
I'm So Afraid,Fleetwood Mac
Landslide,Fleetwood Mac
Little Lies,Fleetwood Mac
Monday Morning,Fleetwood Mac
Never Going Back Again,Fleetwood Mac
Oh Well,Fleetwood Mac
Rhiannon,Fleetwood Mac
Sara,Fleetwood Mac
Say You Love Me,Fleetwood Mac
Second Hand News,Fleetwood Mac
Sentimental Lady,Fleetwood Mac
The Chain,Fleetwood Mac
Tusk,Fleetwood Mac
World Turning,Fleetwood Mac
You Make Loving Fun,Fleetwood Mac
All My Life,Foo Fighters
Baker Street,Foo Fighters
Best of You,Foo Fighters
Everlong,Foo Fighters
Learn To Fly,Foo Fighters
Monkey Wrench,Foo Fighters
My Hero,Foo Fighters
The Pretender,Foo Fighters
These Days,Foo Fighters
Times Like These,Foo Fighters
"Blue Morning, Blue Day",Foreigner
Cold As Ice,Foreigner
Dirty White Boy,Foreigner
Double Vision,Foreigner
Feels Like the First Time,Foreigner
Head Games,Foreigner
Hot Blooded,Foreigner
I Want to Know What Love Is,Foreigner
Juke Box Hero,Foreigner
"Long, Long Way From Home",Foreigner
Love Has Taken Its Toll,Foreigner
Starrider,Foreigner
That Was Yesterday,Foreigner
Urgent,Foreigner
Waiting for a Girl Like You,Foreigner
Women,Foreigner
Joe's Garage,Frank Zappa
Peaches En Regalia,Frank Zappa
All Right Now,Free
Hemorrhage,Free
Wishing Well,Free
A Trick of the Tail,Genesis
Abacab,Genesis
Behind The Lines,Genesis
Carpet Crawlers,Genesis
Follow You Follow Me,Genesis
Home by the Sea,Genesis
Just A Job To Do,Genesis
Land Of Confusion,Genesis
Mama,Genesis
Man On The Corner,Genesis
Misunderstanding,Genesis
No Reply At All,Genesis
That's All,Genesis
The Lamb Lies Down On Broadway,Genesis
Tonight Tonight,Genesis
Turn It On Again,Genesis
Give Me Love,George Harrison
GOT MY MIND SET ON YOU,George Harrison
My Sweet Lord,George Harrison
Alabama Getaway,Grateful Dead
Black-Throated Wind,Grateful Dead
Casey Jones,Grateful Dead
CHINA TOWN SHUFFLE ,Grateful Dead
Friend Of The Devil,Grateful Dead
Hell in a Bucket,Grateful Dead
Loser,Grateful Dead
Me and Bobby McGee,Grateful Dead
Scarlet Begonias,Grateful Dead
Shakedown Street,Grateful Dead
Sugar Magnolia,Grateful Dead
Touch of Grey,Grateful Dead
Truckin',Grateful Dead
Turn On Your Lovelight,Grateful Dead
U.S. Blues,Grateful Dead
Uncle John's Band,Grateful Dead
Basket Case,Green Day
Boulevard Of Broken Dreams,Green Day
Brain Stew / Jaded,Green Day
Good Riddance (Time Of Your Life),Green Day
Holiday,Green Day
Boulevard of Broken Dreams,Green Day
Longview,Green Day
When I Come Around,Green Day
Civil War,Guns N' Roses
Don't Cry,Guns N' Roses
Knockin' On Heaven's Door,Guns N' Roses
Live and Let Die,Guns N' Roses
Mr. Brownstone,Guns N' Roses
My Michelle,Guns N' Roses
November Rain,Guns N' Roses
Paradise City,Guns N' Roses
Patience,Guns N' Roses
Sweet Child O' Mine,Guns N' Roses
Used To Love Her,Guns N' Roses
Welcome to the Jungle,Guns N' Roses
You Could Be Mine,Guns N' Roses
All I Wanna Do Is Make Love to You,Heart
Alone,Heart
Barracuda,Heart
Bebe le Strange,Heart
Crazy On You,Heart
Dog & Butterfly,Heart
Dreamboat Annie,Heart
Even It Up,Heart
Heartless,Heart
How Can I Refuse,Heart
If Looks Could Kill,Heart
Kick It Out,Heart
Little Queen,Heart
Love Alive,Heart
Magic Man,Heart
Mistral Wind,Heart
Never,Heart
Nothin' at All,Heart
Rock And Roll,Heart
Stairway To Heaven,Heart
Straight On,Heart
Tell It Like It Is,Heart
What About Love?,Heart
Who Will You Run To,Heart
Sangre Por Sangre,HellYeah
I Want A New Drug,Huey Lewis & The News
Lust for Life,Iggy Pop
The Passenger,Iggy Pop
Radioactive,Imagine Dragons
Devil Inside,INXS
Need You Tonight,INXS
New Sensation,INXS
What You Need,INXS
Flight Of Icarus,Iron Maiden
Run To The Hills,Iron Maiden
The Number Of The Beast,Iron Maiden
The Trooper,Iron Maiden
Wasted Years,Iron Maiden
Been Caught Stealing,Jane's Addiction
Jane Says,Jane's Addiction
Get It While You Can,Janis Joplin
Me and Bobby McGee,Janis Joplin
Move Over,Janis Joplin
Piece of My Heart,Janis Joplin
Summertime,Janis Joplin
Freeway Jam,Jeff Beck
Rice Pudding,Jeff Beck
Are You Gonna Be My Girl,Jet
Cold Hard Bitch,Jet
Aqualung,Jethro Tull
Bungle In The Jungle,Jethro Tull
Cross-eyed Mary,Jethro Tull
Hymn 43,Jethro Tull
Living In The Past,Jethro Tull
Locomotive Breath,Jethro Tull
Nothing Is Easy,Jethro Tull
Teacher,Jethro Tull
Thick As A Brick,Jethro Tull
Too Old To Rock 'n' Roll,Jethro Tull
All Along the Watchtower,Jimi Hendrix
Angel,Jimi Hendrix
Are You Experienced?,Jimi Hendrix
Crosstown Traffic,Jimi Hendrix
Dolly Dagger,Jimi Hendrix
Fire,Jimi Hendrix
Foxey Lady,Jimi Hendrix
Hey Joe,Jimi Hendrix
If 6 Was 9,Jimi Hendrix
Like a Rolling Stone,Jimi Hendrix
Little Wing,Jimi Hendrix
Manic Depression,Jimi Hendrix
Purple Haze,Jimi Hendrix
Red House,Jimi Hendrix
Stone Free,Jimi Hendrix
The Wind Cries Mary,Jimi Hendrix
Third Stone From The Sun,Jimi Hendrix
Voodoo Child (Slight Return),Jimi Hendrix
Bad Reputation,Joan Jett
Crimson And Clover,Joan Jett
I Hate Myself For Loving You,Joan Jett
I Love Rock 'n Roll,Joan Jett
Cry Me a River,Joe Cocker
Feelin' Alright,Joe Cocker
The Letter,Joe Cocker
With A Little Help From My Friends,Joe Cocker
You Can Leave Your Hat On,Joe Cocker
#9 Dream,John Lennon
Imagine,John Lennon
Instant Karma,John Lennon
Mind Games,John Lennon
Watching the Wheels,John Lennon
Woman,John Lennon
Again Tonight,John Mellencamp
Ain't Even Done With the Night,John Mellencamp
Authority Song,John Mellencamp
Check It Out,John Mellencamp
Cherry Bomb,John Mellencamp
Crumblin' Down,John Mellencamp
Hurts So Good,John Mellencamp
I Need A Lover,John Mellencamp
Jack & Diane,John Mellencamp
Lonely Ol' Night,John Mellencamp
Paper in Fire,John Mellencamp
Pink Houses,John Mellencamp
R.O.C.K. In the U.S.A.,John Mellencamp
Rain On The Scarecrow,John Mellencamp
Small Town,John Mellencamp
What If I Came Knocking,John Mellencamp
Any Way You Want It,Journey
City of the Angels,Journey
Don't Stop Believin',Journey
Escape,Journey
Faithfully,Journey
Feeling That Way,Journey
Just the Same Way,Journey
Lights,Journey
Look Into The Future,Journey
"Lovin', Touchin' Squeezin'",Journey
Only the Young,Journey
Open Arms,Journey
Send Her My Love,Journey
Separate Ways (Worlds Apart),Journey
Stone In Love,Journey
Wheel in the Sky,Journey
Who's Crying Now,Journey
Breaking The Law,Judas Priest
Diamonds And Rust,Judas Priest
Electric Eye,Judas Priest
Heading Out To The Highway,Judas Priest
Hot Rockin',Judas Priest
Living After Midnight,Judas Priest
The Ripper,Judas Priest
Turbo Lover,Judas Priest
You've Got Another Thing Comin',Judas Priest
Carry On Wayward Son,Kansas
Dust In The Wind,Kansas
Play the Game Tonight,Kansas
Point of Know Return,Kansas
All Summer Long,Kid Rock
Cowboy,Kid Rock
Let's Ride,Kid Rock
Sex On Fire,Kings of Leon
Use Somebody,Kings of Leon
Beth,Kiss
Calling Dr. Love,Kiss
Christeen Sixteen,Kiss
Cold Gin,Kiss
Detroit Rock City,Kiss
Heaven's On Fire,Kiss
Lick It Up,Kiss
Rock And Roll All Nite,Kiss
Shout It out Loud,Kiss
Strutter,Kiss
Tears Are Falling,Kiss
All My Love,Led Zeppelin
Babe I'm Gonna Leave You,Led Zeppelin
Black Dog,Led Zeppelin
Black Mountain Side,Led Zeppelin
Bonzo's Montreaux,Led Zeppelin
Boogie With Stu,Led Zeppelin
Bring It On Home,Led Zeppelin
Bron-y-aur Stomp,Led Zeppelin
Celebration Day,Led Zeppelin
Communication Breakdown,Led Zeppelin
Custard Pie,Led Zeppelin
D'Yer Mak'er,Led Zeppelin
Dancing Days,Led Zeppelin
Darlene,Led Zeppelin
Dazed and Confused,Led Zeppelin
Down By The Seaside,Led Zeppelin
Fool In the Rain,Led Zeppelin
For Your Life,Led Zeppelin
Four Sticks,Led Zeppelin
Friends,Led Zeppelin
Gallows Pole,Led Zeppelin
Going to California,Led Zeppelin
Good Times Bad Times,Led Zeppelin
Hats Off To (Roy) Harper,Led Zeppelin
Heartbreaker,Led Zeppelin
Hey Hey What Can I Do,Led Zeppelin
Hot Dog,Led Zeppelin
Houses of the Holy,Led Zeppelin
How Many More Times,Led Zeppelin
I Can't Quit You Baby,Led Zeppelin
Immigrant Song,Led Zeppelin
In My Time of Dying,Led Zeppelin
In the Evening,Led Zeppelin
In the Light,Led Zeppelin
Kashmir,Led Zeppelin
Living Loving Maid (She's Just a Woman),Led Zeppelin
Misty Mountain Hop,Led Zeppelin
Moby Dick,Led Zeppelin
NIGHT FLIGHT,Led Zeppelin
No Quarter,Led Zeppelin
Nobody's Fault But Mine,Led Zeppelin
Out On The Tiles,Led Zeppelin
Over the Hills and Far Away,Led Zeppelin
Ramble On,Led Zeppelin
Rock and Roll,Led Zeppelin
Royal Orleans,Led Zeppelin
Since I've Been Loving You,Led Zeppelin
South Bound Saurez,Led Zeppelin
Stairway to Heaven,Led Zeppelin
TANGERINE,Led Zeppelin
Ten Years Gone,Led Zeppelin
Thank You,Led Zeppelin
That's the Way,Led Zeppelin
The Battle Of Evermore,Led Zeppelin
The Crunge,Led Zeppelin
The Lemon Song,Led Zeppelin
The Ocean,Led Zeppelin
The Rain Song,Led Zeppelin
The Rover,Led Zeppelin
The Song Remains the Same,Led Zeppelin
THE WANTON SONG,Led Zeppelin
Trampled Under Foot,Led Zeppelin
Traveling Riverside Blues,Led Zeppelin
What Is and What Should Never Be,Led Zeppelin
When The Levee Breaks,Led Zeppelin
Whole Lotta Love,Led Zeppelin
You Shook Me,Led Zeppelin
Your Time Is Gonna Come,Led Zeppelin
American Woman,Lenny Kravitz
Are You Gonna Go My Way,Lenny Kravitz
Fly Away,Lenny Kravitz
My Own Worst Enemy,Lit
Close My Eyes Forever,Lita Ford
Kiss Me Deadly,Lita Ford
I Alone,Live
Lightning Crashes,Live
Cult Of Personality,Living Colour
Sweet Jane,Lou Reed
Walk On The Wild Side,Lou Reed
Call Me the Breeze,Lynyrd Skynyrd
Dixie,Lynyrd Skynyrd
Don't Ask Me No Questions,Lynyrd Skynyrd
Free Bird,Lynyrd Skynyrd
Gimme Back My Bullets,Lynyrd Skynyrd
Gimme Three Steps,Lynyrd Skynyrd
I Know a Little,Lynyrd Skynyrd
Saturday Night Special,Lynyrd Skynyrd
Simple Man,Lynyrd Skynyrd
Sweet Home Alabama,Lynyrd Skynyrd
That Smell,Lynyrd Skynyrd
The Ballad Of Curtis Loew,Lynyrd Skynyrd
Tuesday's Gone,Lynyrd Skynyrd
What's Your Name,Lynyrd Skynyrd
You Got That Right,Lynyrd Skynyrd
Blinded by the Light,Manfred Mann
Do Wah Diddy Diddy,Manfred Mann
Paradise By The Dashboard Light,Meat Loaf
TWO OUT OF THREE AIN'T BAD,Meat Loaf
You Took The Words Right Out Of My Mouth,Meat Loaf
Down Under,Men At Work
Who Can It Be Now?,Men At Work
Breadfan,Metallica
Enter Sandman,Metallica
Fade To Black,Metallica
For Whom The Bell Tolls,Metallica
Fuel,Metallica
Harvester Of Sorrow,Metallica
Hero of the Day,Metallica
Lords of Summer,Metallica
Master of Puppets,Metallica
No Leaf Clover,Metallica
Nothing Else Matters,Metallica
One,Metallica
Sad But True,Metallica
Seek & Destroy,Metallica
The Memory Remains,Metallica
The Unforgiven,Metallica
Turn The Page,Metallica
Until It Sleeps,Metallica
Wherever I May Roam,Metallica
Whiskey In The Jar,Metallica
Beds Are Burning,Midnight Oil
Don't Go Away Mad (Just Go Away),Motley Crue
Dr. Feelgood,Motley Crue
"Girls, Girls, Girls",Motley Crue
Home Sweet Home,Motley Crue
Kickstart My Heart,Motley Crue
Looks That Kill,Motley Crue
Piece of Your Action,Motley Crue
Same Ol' Situation,Motley Crue
Shout at the Devil,Motley Crue
Smokin' in the Boys Room,Motley Crue
Wild Side,Motley Crue
Addicted To That Rush,Mr. Big
Cinnamon Girl,Neil Young
Down by the River,Neil Young
Everybody Knows This Is Nowhere,Neil Young
Heart of Gold,Neil Young
"Hey Hey, My My",Neil Young
Like a Hurricane,Neil Young
"My My, Hey Hey",Neil Young
Old Man,Neil Young
Powderfinger,Neil Young
Rockin' In the Free World,Neil Young
Southern Man,Neil Young
Sugar Mountain,Neil Young
The Needle and the Damage Done,Neil Young
When You Dance I Can Really Love,Neil Young
How You Remind Me,Nickelback
Photograph,Nickelback
Rockstar,Nickelback
Someday,Nickelback
About a Girl,Nirvana
All Apologies,Nirvana
Come As You Are,Nirvana
Dumb,Nirvana
In Bloom,Nirvana
Lithium,Nirvana
On a Plain,Nirvana
Polly,Nirvana
Smells Like Teen Spirit,Nirvana
The Man Who Sold the World,Nirvana
Wonderwall,Oasis
Bark At The Moon,Ozzy Osbourne
Changes,Ozzy Osbourne
Crazy Train,Ozzy Osbourne
Diary Of A Madman,Ozzy Osbourne
Flying High Again,Ozzy Osbourne
Goodbye To Romance,Ozzy Osbourne
I Don't Know,Ozzy Osbourne
"Mama, I'm Coming Home",Ozzy Osbourne
Mr. Crowley,Ozzy Osbourne
Mr. Tinkertrain,Ozzy Osbourne
No More Tears,Ozzy Osbourne
Over the Mountain,Ozzy Osbourne
Perry Mason,Ozzy Osbourne
Purple Haze,Ozzy Osbourne
Road To Nowhere,Ozzy Osbourne
Rocky Mountain Way,Ozzy Osbourne
See You on the Other Side,Ozzy Osbourne
Shot in the Dark,Ozzy Osbourne
Time After Time,Ozzy Osbourne
Boom Boom,Pat Travers
Snortin Whiskey,Pat Travers
The Back Seat Of My Car,Paul McCartney & Linda McCartney
Too Many People,Paul McCartney & Linda McCartney
Another Day,Paul McCartney & Wings
Band on the Run,Paul McCartney & Wings
Birthday,Paul McCartney & Wings
Coming Up,Paul McCartney & Wings
Day Tripper,Paul McCartney & Wings
Helen Wheels,Paul McCartney & Wings
Hello Goodbye,Paul McCartney & Wings
Helter Skelter,Paul McCartney & Wings
Hey Jude,Paul McCartney & Wings
Hi Hi Hi,Paul McCartney & Wings
Jet,Paul McCartney & Wings
Junior's Farm,Paul McCartney & Wings
Let 'Em In,Paul McCartney & Wings
Let Me Roll It,Paul McCartney & Wings
Listen To What The Man Says,Paul McCartney & Wings
Live and Let Die,Paul McCartney & Wings
Maybe I'm Amazed,Paul McCartney & Wings
My Love,Paul McCartney & Wings
Nineteen Hundred and Eighty Five,Paul McCartney & Wings
Silly Love Songs,Paul McCartney & Wings
With a Little Luck,Paul McCartney & Wings
50 Ways to Leave Your Lover,Paul Simon
Kodachrome,Paul Simon
Loves Me Like a Rock,Paul Simon
Me And Julio Down By The Schoolyard,Paul Simon
You Can Call Me Al,Paul Simon
Alive,Pearl Jam
Better Man,Pearl Jam
Black,Pearl Jam
Daughter,Pearl Jam
Dissident,Pearl Jam
Elderly Woman Behind the Counter in a Small Town,Pearl Jam
Even Flow,Pearl Jam
Jeremy,Pearl Jam
Last Kiss,Pearl Jam
Lightning Bolt,Pearl Jam
Not for You,Pearl Jam
Sirens,Pearl Jam
Yellow Ledbetter,Pearl Jam
Big Time,Peter Gabriel
Games Without Frontiers,Peter Gabriel
In Your Eyes,Peter Gabriel
Red Rain,Peter Gabriel
SHOCK THE MONKEY,Peter Gabriel
Sledgehammer,Peter Gabriel
Solsbury Hill,Peter Gabriel
Don't Lose My Number,Phil Collins
I Don't Care Anymore,Phil Collins
In the Air Tonight,Phil Collins
Another Brick In The Wall,Pink Floyd
Any Colour You Like,Pink Floyd
Arnold Layne,Pink Floyd
Astronomy Domine,Pink Floyd
Brain Damage,Pink Floyd
Breathe,Pink Floyd
"Careful With That Axe, Eugene",Pink Floyd
Comfortably Numb,Pink Floyd
Dogs,Pink Floyd
Empty Spaces,Pink Floyd
Fearless,Pink Floyd
Goodbye Blue Sky,Pink Floyd
Have a Cigar,Pink Floyd
Hey You,Pink Floyd
Keep Talking,Pink Floyd
Learning to Fly,Pink Floyd
Money,Pink Floyd
Mother,Pink Floyd
On The Turning Away,Pink Floyd
One Of These Days,Pink Floyd
One Slip,Pink Floyd
Run Like Hell,Pink Floyd
See Emily Play,Pink Floyd
Set The Controls For The Heart Of The Sun,Pink Floyd
Shine On You Crazy Diamond,Pink Floyd
Speak to Me / Breathe,Pink Floyd
Take It Back,Pink Floyd
The Dogs Of War,Pink Floyd
The Great Gig In the Sky,Pink Floyd
The Happiest Days Of Our Lives,Pink Floyd
Another Brick In The Wall,Pink Floyd
Time,Pink Floyd
Us and Them,Pink Floyd
Welcome To The Machine,Pink Floyd
Wish You Were Here,Pink Floyd
Young Lust,Pink Floyd
Every Rose Has Its Thorn,Poison
Look What The Cat Dragged In,Poison
Nothin' But A Good Time,Poison
Something To Believe In,Poison
Talk Dirty To Me,Poison
Blurry,Puddle of Mudd
Another One Bites the Dust,Queen
Bicycle Race,Queen
Bohemian Rhapsody,Queen
Crazy Little Thing Called Love,Queen
Don't Stop Me Now,Queen
Fat Bottomed Girls,Queen
It's Late,Queen
Keep Yourself Alive,Queen
Killer Queen,Queen
One Vision,Queen
Somebody To Love,Queen
THESE ARE THE DAYS OF OUR LI,Queen
Tie Your Mother Down,Queen
Under Pressure,Queen
We Are the Champions,Queen
We Will Rock You,Queen
You're My Best Friend,Queen
Under Pressure,Queen / David Bowie
No One Knows,Queens of the Stone Age
Another Rainy Night,Queensryche
Eyes Of A Stranger,Queensryche
I Don't Believe In Love,Queensryche
Jet City Woman,Queensryche
Silent Lucidity,Queensryche
It's the End of the World As We Know It (And I Feel Fine),R.E.M.
Losing My Religion,R.E.M.
Man On the Moon,R.E.M.
Orange Crush,R.E.M.
Stand,R.E.M.
The One I Love,R.E.M.
Man On The Silver Mountain,Rainbow
Since You Been Gone,Rainbow
Stone Cold,Rainbow
Street Of Dreams,Rainbow
Black Betty,Ram Jam
Breaking the Girl,Red Hot Chili Peppers
By the Way,Red Hot Chili Peppers
Californication,Red Hot Chili Peppers
Dani California,Red Hot Chili Peppers
Give It Away,Red Hot Chili Peppers
Scar Tissue,Red Hot Chili Peppers
Soul to Squeeze,Red Hot Chili Peppers
Under the Bridge,Red Hot Chili Peppers
Back On The Road Again,REO Speedwagon
Don't Let Him Go,REO Speedwagon
Golden Country,REO Speedwagon
I Can't Fight This Feeling,REO Speedwagon
Keep On Loving You,REO Speedwagon
Keep Pushin'  1977,REO Speedwagon
Like You Do,REO Speedwagon
Ridin' the Storm Out,REO Speedwagon
Roll With the Changes,REO Speedwagon
Take It on the Run,REO Speedwagon
Time For Me To Fly,REO Speedwagon
Jessie's Girl,Rick Springfield
Back Off Boogaloo,Ringo Starr
Early 1970,Ringo Starr
It Don't Come Easy,Ringo Starr
No No Song,Ringo Starr
Photograph,Ringo Starr
Your're Sixteen,Ringo Starr
Addicted to Love,Robert Palmer
Bad Case Of Lovin' You,Robert Palmer
Simply Irresistible,Robert Palmer
Big Log,Robert Plant
In The Mood,Robert Plant
Little By Little,Robert Plant
Every Picture Tells A Story,Rod Stewart
Hot Legs,Rod Stewart
I Know I'm Losing You,Rod Stewart
Maggie May,Rod Stewart
Reason to Believe,Rod Stewart
Stay with Me,Rod Stewart
The First Cut Is The Deepest,Rod Stewart
Tonight's the Night (Gonna Be Alright),Rod Stewart
You Wear It Well,Rod Stewart
You're In My Heart (The Final Acclaim),Rod Stewart
(I Can't Get No) Satisfaction,Rolling Stones
19th Nervous Breakdown,Rolling Stones
Ain't Too Proud to Beg,Rolling Stones
Almost Hear You Sigh,Rolling Stones
Angie,Rolling Stones
Beast Of Burden,Rolling Stones
Bitch,Rolling Stones
Brown Sugar,Rolling Stones
Can't You Hear Me Knocking,Rolling Stones
CAROL,Rolling Stones
Da Da Doo Ron Ron,Rolling Stones
Dance Little Sister,Rolling Stones
Doo Doo Doo Doo Doo (Heartbreaker),Rolling Stones
Doom And Gloom,Rolling Stones
Emotional Rescue,Rolling Stones
Fortune Teller,Rolling Stones
Get Off My Cloud,Rolling Stones
Get Off Of My Cloud,Rolling Stones
Gimme Shelter,Rolling Stones
Hand of Fate,Rolling Stones
Hang Fire,Rolling Stones
Happy,Rolling Stones
Heartbreaker,Rolling Stones
Honky Tonk Women,Rolling Stones
IT'S ALL OVER NOW,Rolling Stones
It's Only Rock 'n Roll,Rolling Stones
Jumpin' Jack Flash,Rolling Stones
Just My Imagination,Rolling Stones
Let It Bleed,Rolling Stones
Let's Spend the Night Together,Rolling Stones
Like A Rolling Stone,Rolling Stones
Little Queenie,Rolling Stones
Midnight Rambler,Rolling Stones
Miss You,Rolling Stones
Monkey Man,Rolling Stones
Mother's Little Helper,Rolling Stones
Paint It Black,Rolling Stones
Shattered,Rolling Stones
She's a Rainbow,Rolling Stones
She's So Cold,Rolling Stones
Start Me Up,Rolling Stones
Street Fighting Man,Rolling Stones
Sympathy For The Devil,Rolling Stones
THE LAST TIME,Rolling Stones
THE SPIDER AND THE FLY,Rolling Stones
TIME IS ON MY SIDE,Rolling Stones
Time Waits for No One,Rolling Stones
Tumbling Dice,Rolling Stones
Under My Thumb,Rolling Stones
UNDERCOVER OF THE NIGHT,Rolling Stones
Waiting on a Friend,Rolling Stones
Wild Horses,Rolling Stones
You Can't Always Get What You Want,Rolling Stones
YOU GOT THE SILVER,Rolling Stones
YOU GOTTA MOVE,Rolling Stones
2112: Overture,Rush
The Temples of Syrinx,Rush
Closer to the Heart,Rush
Entre Nous,Rush
Finding My Way,Rush
Fly By Night,Rush
Freewill,Rush
In The Mood,Rush
Limelight,Rush
New World Man,Rush
Red Barchetta,Rush
Show Don't Tell,Rush
Subdivisions,Rush
Summertime Blues,Rush
Test For Echo,Rush
The Spirit of Radio,Rush
The Trees,Rush
Time Stand Still,Rush
Tom Sawyer,Rush
Working Man,Rush
YYZ,Rush
Can't Get Loose,Sammy Hagar
Heavy Metal,Sammy Hagar
I Can't Drive 55,Sammy Hagar
I'll Fall In Love Again,Sammy Hagar
Plain Jane,Sammy Hagar
Red,Sammy Hagar
There's Only One Way to Rock,Sammy Hagar
Three Lock Box,Sammy Hagar
Trans Am (Highway Wonderland),Sammy Hagar
Turn Up The Music  1977,Sammy Hagar
Black Magic Woman,Santana
Europa,Santana
Evil Ways,Santana
Jingo,Santana
No One to Depend On,Santana
Oye Como Va,Santana
Put Your Lights On (feat. Everlast),Santana
Smooth,Santana
Soul Sacrifice,Santana
Well All Right,Santana
Winning,Santana
Big City Nights,Scorpions
Blackout,Scorpions
Don't Believe Her,Scorpions
Holiday,Scorpions
Loving You Sunday Morning,Scorpions
No One Like You,Scorpions
Rock You Like a Hurricane,Scorpions
Still Loving You,Scorpions
The Zoo,Scorpions
Wind Of Change,Scorpions
Remedy,Seether
Words As Weapons,Seether
America,Simon & Garfunkel
Cecilia,Simon & Garfunkel
Mrs. Robinson,Simon & Garfunkel
The Sounds Of Silence,Simon & Garfunkel
Don't You,Simple Minds
18 And Life,Skid Row
I Remember You,Skid Row
Youth Gone Wild,Skid Row
All Star,Smash Mouth
1979,Smashing Pumpkins
Bullet With Butterfly Wings,Smashing Pumpkins
Landslide,Smashing Pumpkins
Today,Smashing Pumpkins
Black Hole Sun,Soundgarden
Burden in My Hand,Soundgarden
Fell On Black Days,Soundgarden
Spoonman,Soundgarden
Two Princes,Spin Doctors
It's Been Awhile,Staind
Black Cow,Steely Dan
Deacon Blues,Steely Dan
Dirty Work,Steely Dan
Do It Again,Steely Dan
FM (No Static At All),Steely Dan
Hey Nineteen,Steely Dan
Peg,Steely Dan
Reelin' in the Years,Steely Dan
Rikki Don't Lose That Number,Steely Dan
Born to Be Wild,Steppenwolf
Magic Carpet Ride,Steppenwolf
Abracadabra,Steve Miller Band
Fly Like an Eagle,Steve Miller Band
Jet Airliner,Steve Miller Band
Jungle Love,Steve Miller Band
Living in the U.S.A.,Steve Miller Band
Mercury Blues,Steve Miller Band
Rock 'N Me,Steve Miller Band
Space Cowboy,Steve Miller Band
Swingtown,Steve Miller Band
Take the Money and Run,Steve Miller Band
The Joker,Steve Miller Band
The Stake,Steve Miller Band
True Fine Love,Steve Miller Band
Your Cash Ain't Nothin But Trash,Steve Miller Band
Cold Shot,Stevie Ray Vaughan
Couldn't Stand the Weather,Stevie Ray Vaughan
Crossfire,Stevie Ray Vaughan
Life by the Drop,Stevie Ray Vaughan
Little Wing,Stevie Ray Vaughan
Look At Little Sister,Stevie Ray Vaughan
Pride And Joy,Stevie Ray Vaughan
Scuttle Buttin',Stevie Ray Vaughan
Superstition,Stevie Ray Vaughan
Taxman,Stevie Ray Vaughan
Texas Flood,Stevie Ray Vaughan
The House Is Rockin',Stevie Ray Vaughan
The Sky Is Crying,Stevie Ray Vaughan
Tightrope,Stevie Ray Vaughan
Voodoo Chile,Stevie Ray Vaughan
Superstition,Stevie Wonder
Fortress Around Your Heart,Sting
If You Love Somebody Set Them Free,Sting
Big Empty,Stone Temple Pilots
Creep,Stone Temple Pilots
Interstate Love Song,Stone Temple Pilots
Lady Picture Show,Stone Temple Pilots
Plush,Stone Temple Pilots
Sex Type Thing,Stone Temple Pilots
Trippin' on a Hole in a Paper Heart,Stone Temple Pilots
Vasoline,Stone Temple Pilots
Rock This Town,Stray Cats
Stray Cat Strut,Stray Cats
Fly,Sugar Ray
Bloody Well Right,Supertramp
Breakfast in America,Supertramp
Dreamer,Supertramp
Give a Little Bit,Supertramp
Goodbye Stranger,Supertramp
Take the Long Way Home,Supertramp
The Logical Song,Supertramp
Eye of the Tiger,Survivor
I Can't Hold Back,Survivor
Bang a Gong (Get It On),T. Rex
Jeepster,T. Rex
And She Was,Talking Heads
Burning Down the House,Talking Heads
Life During Wartime,Talking Heads
Once In A Lifetime,Talking Heads
Psycho Killer,Talking Heads
Road To Nowhere,Talking Heads
Stay Up Late,Talking Heads
Take Me To The River,Talking Heads
Wild Wild Life,Talking Heads
Everybody Wants to Rule the World,Tears for Fears
Head Over Heels,Tears for Fears
Shout,Tears for Fears
Hunger Strike,Temple of the Dog
Don't Bring Me Down,The Animals
House Of The Rising Sun,The Animals
Monterey,The Animals
San Franciscan Nights,The Animals
Spill the Wine,The Animals
Love Shack,The B-52's
Roam,The B-52's
Good Vibrations,The Beach Boys
A Day In The Life,The Beatles
A Hard Day's Night,The Beatles
Across The Universe,The Beatles
All My Loving,The Beatles
All You Need Is Love,The Beatles
And Your Bird Can Sing,The Beatles
ANYTIME AT ALL,The Beatles
Baby You're A Rich Man,The Beatles
Back In the U.S.S.R.,The Beatles
BAD BOY,The Beatles
BALLAD OF JOHN AND YOKO,The Beatles
Birthday,The Beatles
Blackbird,The Beatles
Can't Buy Me Love,The Beatles
Come Together,The Beatles
Cry For A Shadow,The Beatles
Day Tripper,The Beatles
Dear Prudence,The Beatles
Don't Let Me Down,The Beatles
Drive My Car,The Beatles
Eight Days A Week,The Beatles
Eleanor Rigby,The Beatles
Everybody's Got Something To Hide Except Me And My Monk,The Beatles
Fixing A Hole,The Beatles
From Me To You,The Beatles
Get Back,The Beatles
Getting Better,The Beatles
GIRL,The Beatles
Golden Slumbers,The Beatles
Good Day Sunshine,The Beatles
Got To Get You Into My Life,The Beatles
Hello Goodbye,The Beatles
Help!,The Beatles
Helter Skelter,The Beatles
Here Comes The Sun,The Beatles
Hey Jude,The Beatles
I Am the Walrus,The Beatles
I Feel Fine,The Beatles
I Saw Her Standing There,The Beatles
I Want To Hold Your Hand,The Beatles
I Want You (She's So Heavy),The Beatles
I'll Follow The Sun,The Beatles
I'm A Loser,The Beatles
I'm Down,The Beatles
I've Got A Feeling,The Beatles
I've Just Seen A Face,The Beatles
IN MY LIFE,The Beatles
IT WON'T BE LONG,The Beatles
Lady Madonna,The Beatles
Let It Be,The Beatles
LITTLE CHILD,The Beatles
Love Me Do,The Beatles
Lovely Rita,The Beatles
Lucy In The Sky With Diamonds,The Beatles
Magical Mystery Tour,The Beatles
Maxwell's Silver Hammer,The Beatles
Norwegian Wood,The Beatles
NOWHERE MAN,The Beatles
"Ob-la-di, Ob-la-da",The Beatles
OH DARLING,The Beatles
P.s. I Love You,The Beatles
Paperback Writer,The Beatles
Penny Lane,The Beatles
Please Please Me,The Beatles
Revolution,The Beatles
ROCK AND ROLL MUSIC,The Beatles
Rocky Raccoon,The Beatles
Roll Over Beethoven,The Beatles
Sgt. Pepper Inner Groove,The Beatles
Sgt. Pepper's Lonely Hearts Club Band,The Beatles
She Loves You,The Beatles
SHE'S A WOMAN,The Beatles
She's Leaving Home,The Beatles
Something,The Beatles
Strawberry Fields Forever,The Beatles
Sun King,The Beatles
The Ballad Of John And Yoko,The Beatles
THE CONTINUING STORY OF BUNG,The Beatles
The Fool On The Hill,The Beatles
The Long And Winding Road,The Beatles
The Word,The Beatles
Things We Said Today,The Beatles
Ticket to Ride,The Beatles
Twist and Shout,The Beatles
Two Of Us,The Beatles
We Can Work It Out,The Beatles
When I'm 64,The Beatles
While My Guitar Gently Weeps,The Beatles
Wild Honey Pie,The Beatles
With a Little Help From My Friends,The Beatles
Yellow Submarine,The Beatles
Yesterday,The Beatles
You Never Give Me Your Money,The Beatles
You're Going To Lose That Girl,The Beatles
YOUR MOTHER SHOULD KNOW,The Beatles
A Conspiracy,The Black Crowes
Gone,The Black Crowes
Good Friday,The Black Crowes
Goodbye Daughters of the Revolution,The Black Crowes
Hard To Handle,The Black Crowes
Hotel Illness,The Black Crowes
Jealous Again,The Black Crowes
Kickin' My Heart Around,The Black Crowes
Remedy,The Black Crowes
She Talks To Angels,The Black Crowes
Thorn In My Pride,The Black Crowes
Twice As Hard,The Black Crowes
Gold On The Ceiling,The Black Keys
Lonely Boy,The Black Keys
Soul Man,The Blues Brothers
Eight Miles High,The Byrds
Bye Bye Love,The Cars
Candy-o,The Cars
Dangerious Type,The Cars
Drive,The Cars
Good Times Roll,The Cars
Hello Again,The Cars
It's All I Can Do,The Cars
Just What I Needed,The Cars
Let's Go,The Cars
Magic,The Cars
Moving In Stereo,The Cars
My Best Friend's Girl,The Cars
Shake It Up,The Cars
Since You're Gone,The Cars
Stereo / All Mixed Up,The Cars
Tonight She Comes,The Cars
You Might Think,The Cars
You're All I've Got Tonight,The Cars
Clampdown,The Clash
I Fought The Law,The Clash
London Calling,The Clash
Rock The Casbah,The Clash
Should I Stay Or Should,The Clash
Train In Vain,The Clash
Fire Woman,The Cult
Back Door Man,The Doors
Break On Through,The Doors
Five To One,The Doors
Gloria,The Doors
"Hello, I Love You",The Doors
L.A. Woman,The Doors
Light My Fire,The Doors
Love Her Madly,The Doors
Love Me Two Times,The Doors
Moonlight Drive,The Doors
Peace Frog,The Doors
People Are Strange,The Doors
Riders On The Storm,The Doors
Roadhouse Blues,The Doors
Soul Kitchen,The Doors
The Changeling,The Doors
The Crystal Ship,The Doors
Touch Me,The Doors
Twentieth Century Fox,The Doors
Waiting For The Sun,The Doors
When the Music's Over,The Doors
Iris,The Goo Goo Dolls
A Well Respected Man,The Kinks
All Day And All Of The Night,The Kinks
Apeman,The Kinks
Come Dancing,The Kinks
Destroyer,The Kinks
Lola,The Kinks
Sunny Afternoon,The Kinks
Superman,The Kinks
Tired of Waiting,The Kinks
Victoria,The Kinks
Waterloo Sunset,The Kinks
You Really Got Me,The Kinks
Mrs. Robinson,The Lemonheads
Gypsy,The Moody Blues
Question,The Moody Blues
Ride My See Saw,The Moody Blues
The Story In Your Eyes,The Moody Blues
Your Wildest Dreams,The Moody Blues
Come Out and Play,The Offspring
Self Esteem,The Offspring
The Kids Aren't Alright,The Offspring
Can't Stand Losing You,The Police
"De Do Do Do, De Da Da Da",The Police
Don't Stand So Close To Me,The Police
Driven to Tears,The Police
Every Breath You Take,The Police
Every Little Thing She Does Is Magic,The Police
Invisible Sun,The Police
King Of Pain,The Police
Message In A Bottle,The Police
Roxanne,The Police
So Lonely,The Police
Spirits In The Material World,The Police
Synchronicity II,The Police
Walking On The Moon,The Police
Wrapped Around Your Finger,The Police
Back On The Chain Gang,The Pretenders
Brass In Pocket,The Pretenders
Don't Get Me Wrong,The Pretenders
Message of Love,The Pretenders
Middle Of The Road,The Pretenders
My City Was Gone,The Pretenders
Mystery Achievement,The Pretenders
TALK OF THE TOWN,The Pretenders
Blitzkrieg Bop,The Ramones
Do You Remember Rock 'n' Roll Radio,The Ramones
I Wanna Be Sedated,The Ramones
Rock 'n' Roll High School,The Ramones
Rockaway Beach,The Ramones
Teenage Lobotomy,The Ramones
Seven Nation Army,The White Stripes
05:15,The Who
ANOTHER TRICKY DAY,The Who
Athena,The Who
Baba O'Reilly,The Who
Bargain,The Who
Behind Blue Eyes,The Who
Eminence Front,The Who
Getting In Tune,The Who
Going Mobile,The Who
Happy Jack,The Who
I Can See For Miles,The Who
I CAN'T EXPLAIN,The Who
I'm Free,The Who
Join Together,The Who
Long Live Rock,The Who
Love Reign O'er Me,The Who
Magic Bus,The Who
My Generation,The Who
Pinball Wizard,The Who
Shakin' All Over,The Who
Squeeze Box,The Who
Substitute,The Who
Summertime Blues,The Who
The Kids Are Alright,The Who
The Real Me,The Who
THE SEEKER,The Who
THE SONG IS OVER,The Who
We're Not Gonna Take It,The Who
Who Are You,The Who
Won't Get Fooled Again,The Who
You Better You Bet,The Who
Jailbreak,Thin Lizzy
The Boys Are Back In Town,Thin Lizzy
The Cowboy Song,Thin Lizzy
Whiskey In The Jar,Thin Lizzy
Semi-Charmed Life,Third Eye Blind
A Face In The Crowd,Tom Petty & The Heartbreakers
A Woman In Love,Tom Petty & The Heartbreakers
American Dream Plan B,Tom Petty & The Heartbreakers
American Girl,Tom Petty & The Heartbreakers
Breakdown,Tom Petty & The Heartbreakers
Change of Heart,Tom Petty & The Heartbreakers
Don't Come Around Here No More,Tom Petty & The Heartbreakers
Don't Do Me Like That,Tom Petty & The Heartbreakers
Even the Losers,Tom Petty & The Heartbreakers
Fooled Again (I Don't Like It),Tom Petty & The Heartbreakers
Free Fallin',Tom Petty & The Heartbreakers
Here Comes My Girl,Tom Petty & The Heartbreakers
I Need to Know,Tom Petty & The Heartbreakers
I Won't Back Down,Tom Petty & The Heartbreakers
Into the Great Wide Open,Tom Petty & The Heartbreakers
Jammin' Me,Tom Petty & The Heartbreakers
Learning To Fly,Tom Petty & The Heartbreakers
Listen To Your Heart,Tom Petty & The Heartbreakers
Mary Jane's Last Dance,Tom Petty & The Heartbreakers
Refugee,Tom Petty & The Heartbreakers
Runnin' Down a Dream,Tom Petty & The Heartbreakers
Stop Draggin' My Heart Around,Tom Petty & The Heartbreakers
The Waiting,Tom Petty & The Heartbreakers
U Get Me High,Tom Petty & The Heartbreakers
Yer So Bad,Tom Petty & The Heartbreakers
You Don't Know How It Feels,Tom Petty & The Heartbreakers
You Get Me High,Tom Petty & The Heartbreakers
You Got Lucky,Tom Petty & The Heartbreakers
You Wreck Me,Tom Petty & The Heartbreakers
AFRICA,Toto
Hold The Line,Toto
I Wanna Rock,Twisted Sister
We're Not Gonna Take It,Twisted Sister
Angel Of Harlem,U2
Bad,U2
Beautiful Day,U2
Bullet the Blue Sky,U2
Desire,U2
Even Better Than the Real Thing,U2
I Still Haven't Found What I'm Looking For,U2
I Will Follow,U2
Mysterious Ways,U2
New Year's Day,U2
One,U2
Pride (In the Name of Love),U2
Sunday Bloody Sunday,U2
Sweetest Thing,U2
Vertigo,U2
When Love Comes to Town,U2
Where the Streets Have No Name,U2
With Or Without You,U2
Red Red Wine,UB40
Lights Out,UFO
Too Hot To Handle,UFO
Easy Livin',Uriah Heep
Stealin',Uriah Heep
The Wizard,Uriah Heep
(Oh) Pretty Woman,Van Halen
Ain't Talkin' 'bout Love,Van Halen
And the Cradle Will Rock...,Van Halen
Atomic Punk,Van Halen
Beautiful Girls,Van Halen
Best Of Both Worlds,Van Halen
Black And Blue,Van Halen
Dance the Night Away,Van Halen
Dancing In the Street,Van Halen
Dreams,Van Halen
Drop Dead Legs,Van Halen
Eruption - You Really Got Me,Van Halen
Everybody Wants Some,Van Halen
Feel Your Love Tonight,Van Halen
Feels So Good,Van Halen
Finish What Ya Started,Van Halen
Hot for Teacher,Van Halen
I'll Wait,Van Halen
I'm the One,Van Halen
Ice Cream Man,Van Halen
Jamie's Cryin',Van Halen
Jump,Van Halen
Little Dreamer,Van Halen
Little Guitars,Van Halen
Love Walks In,Van Halen
Mean Street,Van Halen
Panama,Van Halen
Poundcake,Van Halen
PRETTY WOMAN,Van Halen
Right Now,Van Halen
Runaround,Van Halen
Runnin' with the Devil,Van Halen
Somebody Get Me A Doctor,Van Halen
Summer Nights,Van Halen
Take Your Whiskey Home,Van Halen
Top Jimmy,Van Halen
Top of the World,Van Halen
Unchained,Van Halen
When It's Love,Van Halen
Where Have All the Good Times Gone!,Van Halen
Why Can't This Be Love,Van Halen
You Really Got Me,Van Halen
And It Stoned Me,Van Morrison
BLUE MONEY,Van Morrison
Brown Eyed Girl,Van Morrison
CRAZY LOVE,Van Morrison
Domino,Van Morrison
Gloria,Van Morrison
Into The Mystic,Van Morrison
Jackie Wilson Said,Van Morrison
Moondance,Van Morrison
Wild Night,Van Morrison
Blister In the Sun,Violent Femmes
Buddy Holly,Weezer
Fool for Your Loving,Whitesnake
Here I Go Again,Whitesnake
Is This Love,Whitesnake
Slide It In,Whitesnake
Slow An' Easy,Whitesnake
Still of the Night,Whitesnake
Changes,Yes
I've Seen All Good People,Yes
It Can Happen,Yes
Leave It,Yes
Long Distance Runaround,Yes
Owner of a Lonely Heart,Yes
Roundabout,Yes
Starship Trooper,Yes
Wonderous Stories,Yes
Yours Is No Disgrace,Yes
A Fool for Your Stockings,ZZ Top
Arrested For Driving While Blind,ZZ Top
Beer Drinkers & Hell Raisers,ZZ Top
Cheap Sunglasses,ZZ Top
Gimme All Your Lovin,ZZ Top
Got Me Under Pressure,ZZ Top
Heard It On the X,ZZ Top
I Thank You,ZZ Top
"I'm Bad, I'm Nationwide",ZZ Top
Jesus Just Left Chicago,ZZ Top
Just Got Paid,ZZ Top
La Grange,ZZ Top
Legs,ZZ Top
My Head's In Mississippi,ZZ Top
Party On The Patio,ZZ Top
Pearl Necklace,ZZ Top
Sharp Dressed Man,ZZ Top
She Loves My Automobile,ZZ Top
Tube Snake Boogie,ZZ Top
Tush,ZZ Top
TV Dinners,ZZ Top
